{
    "web": {
      "client_id": "680161295267-jitgkb0m015k4pcpbjb7n34toedfm0dn.apps.googleusercontent.com",
      "project_id": "email-to-whatsapp-456710",
      "auth_uri": "https://accounts.google.com/o/oauth2/auth",
      "token_uri": "https://oauth2.googleapis.com/token",
      "auth_provider_x509_cert_url": "https://www.googleapis.com/oauth2/v1/certs",
      "client_secret": "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",
      "redirect_uris": ["http://localhost:5000/oauth2callback"],
      "javascript_origins": ["http://localhost:5000"]
    }
  }